Organization,Followed On
MAS SOLUTIONS,Sun Sep 25 02:39:58 UTC 2022
Forage AI,Thu Sep 22 10:40:03 UTC 2022
Prudent Corporate Advisory Services Ltd.,Thu Sep 22 08:40:56 UTC 2022
"Redaptive, Inc",Fri Sep 16 19:23:22 UTC 2022
Stellantis,Fri Sep 16 19:18:02 UTC 2022
Freecharge,Fri Sep 16 19:13:47 UTC 2022
MyOperator,Fri Sep 16 19:12:56 UTC 2022
Crossover for Work,Fri Sep 16 19:05:50 UTC 2022
Fibre2Fashion,Fri Sep 16 19:01:28 UTC 2022
Mastek,Thu Sep 15 18:50:36 UTC 2022
Coding Invaders by MentorsPro,Thu Sep 15 14:36:09 UTC 2022
Binance,Thu Sep 15 14:30:59 UTC 2022
Tech Holding,Tue Sep 13 07:21:44 UTC 2022
Citta,Sat Sep 10 03:13:36 UTC 2022
Brillare Science Private Limited,Mon Sep 05 04:03:14 UTC 2022
Inferenz,Mon Sep 05 03:57:53 UTC 2022
DRC Systems,Fri Aug 26 09:48:52 UTC 2022
Crest Data Systems,Fri Aug 26 09:48:13 UTC 2022
smartSense Consulting Solutions,Fri Aug 26 09:47:04 UTC 2022
Verizon Labs,Thu Aug 25 10:53:32 UTC 2022
iNeuron.ai,Thu Aug 25 10:53:27 UTC 2022
eClinicalWorks Ahmedabad,Sun Jun 26 07:47:59 UTC 2022
eClinicalWorks,Sun Jun 26 07:47:10 UTC 2022
Tech Mahindra,Sat Jun 25 07:51:55 UTC 2022
Azilen Technologies,Sat Jun 25 07:49:38 UTC 2022
Tata Consultancy Services,Sat Jun 25 07:49:07 UTC 2022
Mobio Solutions,Wed Jun 22 16:14:15 UTC 2022
Anblicks,Thu Jun 16 07:00:18 UTC 2022
Excellent WebWorld,Thu May 19 07:24:07 UTC 2022
The Ravit Show,Sat Mar 19 23:27:18 UTC 2022
Love Open Source Community,Thu Mar 17 23:12:31 UTC 2022
Career For Freshers,Tue Nov 26 07:03:09 UTC 2019
TED Conferences,Tue Nov 26 07:03:08 UTC 2019
GitHub,Tue Nov 26 07:03:04 UTC 2019
Indian Institute of Technology Gandhinagar ,Tue Nov 26 07:03:00 UTC 2019
Tradohub,Wed Oct 24 15:14:15 UTC 2018
Amazon Web Services (AWS),Sun Oct 14 13:25:10 UTC 2018
"Gujarat Technological University, Ahmedbabd",Fri Oct 12 16:53:16 UTC 2018
"Nirma University, Ahmedabad, Gujarat, India",Fri Oct 12 16:43:08 UTC 2018
Ganpat University,Fri Oct 12 16:41:52 UTC 2018